<?xml version="1.0" encoding="UTF-8"?><rss version="2.0"
	xmlns:content="http://purl.org/rss/1.0/modules/content/"
	xmlns:dc="http://purl.org/dc/elements/1.1/"
	xmlns:atom="http://www.w3.org/2005/Atom"
	xmlns:sy="http://purl.org/rss/1.0/modules/syndication/"
	
	>
<channel>
	<title>
	Comments for Fly Casual	</title>
	<atom:link href="httphttps://flycasual.github.io//comments/feed/" rel="self" type="application/rss+xml" />
	<link>httphttps://flycasual.github.io/</link>
	<description>80’s &#38; 90’s &#38; 2000’s band in La Crosse</description>
	<lastBuildDate>Wed, 19 Jul 2023 03:00:29 +0000</lastBuildDate>
	<sy:updatePeriod>
	hourly	</sy:updatePeriod>
	<sy:updateFrequency>
	1	</sy:updateFrequency>
	<generator>https://wordpress.org/?v=6.2.2</generator>
</channel>
</rss>
